stock_id,sector,business_model,geographic_focus,business_maturity,competitive_position,market_cap_category,revenue_tier,profitability_profile,asset_intensity,financial_strength
US001,Industrials,B2B,Global,Growth,Market_Leader,Large,Tier_1,Low_Margin,Capital_Intensive,Strong
US002,Industrials,B2B,International,Mature,Market_Leader,Mid,Tier_2,Standard,Moderate,Developing
US003,Healthcare,B2C,Global,Growth,Market_Leader,Large,Tier_1,High_Margin,Asset_Light,Stable
US004,Healthcare,B2B,Global,Growth,Market_Leader,Large,Tier_1,High_Margin,Moderate,Strong
US005,Technology,B2B,Global,Mature,Market_Leader,Large,Tier_1,High_Margin,Asset_Light,Strong
US006,Technology,Platform,International,Growth,Market_Leader,Large,Tier_1,High_Margin,Moderate,Strong
US007,Technology,B2B,Global,Mature,Market_Leader,Large,Tier_1,Standard,Asset_Light,Stable
US008,Utilities,B2C,Domestic,Mature,Market_Leader,Mid,Tier_2,Low_Margin,Moderate,Developing
US009,Finance,B2C,International,Mature,Market_Leader,Large,Tier_1,Low_Margin,Capital_Intensive,Stable
US010,Healthcare,B2C,International,Mature,Market_Leader,Mid,Tier_2,High_Margin,Asset_Light,Strong
US011,Materials,B2C,Global,Mature,Market_Leader,Large,Tier_1,Standard,Moderate,Strong
US012,Consumer_Discretionary,B2C,Global,Growth,Strong_Player,Large,Tier_1,Low_Margin,Moderate,Strong
US013,Technology,Platform,Global,Mature,Strong_Player,Mid,Tier_2,Standard,Asset_Light,Stable
US014,Materials,B2B,Domestic,Growth,Market_Leader,Mid,Tier_2,Standard,Moderate,Stable
US015,Real_Estate,B2C,Global,Mature,Market_Leader,Mid,Tier_2,Standard,Moderate,Stable
US016,Healthcare,B2C,International,Growth,Market_Leader,Mid,Tier_2,Standard,Asset_Light,Stable
US017,Industrials,B2B,Global,Growth,Market_Leader,Mid,Tier_2,Standard,Capital_Intensive,Strong
US018,Utilities,B2B,Global,Cyclical,Strong_Player,Mid,Tier_2,Standard,Capital_Intensive,Stable
US019,Finance,B2C,Domestic,Mature,Market_Leader,Large,Tier_1,High_Margin,Moderate,Strong
US020,Communication,Platform,Global,Mature,Market_Leader,Large,Tier_1,Standard,Moderate,Strong
US021,Communication,Platform,Global,Mature,Strong_Player,Large,Tier_1,Standard,Moderate,Strong
US022,Consumer_Staples,B2C,Global,Cyclical,Market_Leader,Large,Tier_1,Standard,Capital_Intensive,Strong
US023,Consumer_Discretionary,Platform,International,Cyclical,Market_Leader,Large,Tier_1,Standard,Asset_Light,Stable
US024,Consumer_Discretionary,B2C,Global,Mature,Market_Leader,Mid,Tier_2,Low_Margin,Capital_Intensive,Strong
US025,Utilities,B2C,Global,Mature,Market_Leader,Mid,Tier_2,Standard,Capital_Intensive,Stable
US026,Utilities,B2B,International,Cyclical,Market_Leader,Large,Tier_1,Standard,Capital_Intensive,Strong
US027,Finance,B2C,Global,Mature,Market_Leader,Large,Tier_1,High_Margin,Capital_Intensive,Strong
US028,Finance,B2C,International,Growth,Market_Leader,Mid,Tier_2,Standard,Asset_Light,Stable
US029,Real_Estate,B2B,Global,Mature,Market_Leader,Large,Tier_1,Standard,Asset_Light,Strong
US030,Utilities,B2C,Global,Mature,Market_Leader,Mid,Tier_2,Standard,Capital_Intensive,Strong
US031,Finance,B2C,Global,Cyclical,Market_Leader,Mid,Tier_2,Low_Margin,Asset_Light,Stable
US032,Industrials,B2B,International,Mature,Strong_Player,Mid,Tier_2,Standard,Capital_Intensive,Stable
US033,Healthcare,B2B,Global,Growth,Market_Leader,Large,Tier_1,High_Margin,Asset_Light,Strong
US034,Technology,B2B,International,Mature,Strong_Player,Large,Tier_1,High_Margin,Moderate,Strong
US035,Technology,B2B,International,Growth,Strong_Player,Large,Tier_1,Standard,Asset_Light,Strong
US036,Finance,B2C,International,Growth,Strong_Player,Large,Tier_1,High_Margin,Capital_Intensive,Stable
US037,Energy,B2C,Domestic,Cyclical,Market_Leader,Mid,Tier_2,Low_Margin,Capital_Intensive,Developing
US038,Finance,B2C,International,Mature,Market_Leader,Large,Tier_1,Standard,Moderate,Strong
US039,Technology,B2B,Global,Mature,Market_Leader,Large,Tier_1,High_Margin,Asset_Light,Strong
US040,Technology,B2B,Global,Mature,Market_Leader,Large,Tier_1,Standard,Asset_Light,Strong
US041,Consumer_Discretionary,B2C,Domestic,Mature,Market_Leader,Mid,Tier_2,High_Margin,Capital_Intensive,Strong
US042,Finance,B2C,Global,Mature,Market_Leader,Mid,Tier_2,Standard,Capital_Intensive,Strong
US043,Consumer_Staples,B2C,International,Cyclical,Market_Leader,Mid,Tier_2,Low_Margin,Moderate,Stable
US044,Technology,B2B,Global,Growth,Market_Leader,Large,Tier_1,Standard,Asset_Light,Stable
US045,Finance,B2C,Global,Growth,Market_Leader,Large,Tier_1,Standard,Moderate,Strong
US046,Finance,B2C,Domestic,Mature,Market_Leader,Mid,Tier_2,Standard,Asset_Light,Strong
US047,Communication,B2B,Global,Growth,Market_Leader,Large,Tier_1,Standard,Moderate,Strong
US048,Utilities,B2C,Global,Mature,Market_Leader,Mid,Tier_2,Standard,Capital_Intensive,Strong
US049,Technology,Platform,Domestic,Mature,Market_Leader,Large,Tier_1,High_Margin,Asset_Light,Strong
US050,Technology,Platform,Global,Growth,Market_Leader,Large,Tier_1,Standard,Asset_Light,Strong
US051,Consumer_Discretionary,B2C,Global,Mature,Strong_Player,Large,Tier_1,Low_Margin,Moderate,Strong
US052,Real_Estate,B2B,International,Mature,Strong_Player,Mid,Tier_2,Standard,Moderate,Strong
US053,Consumer_Discretionary,B2C,Global,Growth,Market_Leader,Mid,Tier_2,Low_Margin,Moderate,Stable
US054,Industrials,B2B,Domestic,Cyclical,Strong_Player,Large,Tier_1,Low_Margin,Capital_Intensive,Strong
US055,Energy,B2B,International,Mature,Strong_Player,Mid,Tier_2,Standard,Capital_Intensive,Strong
US056,Consumer_Discretionary,B2C,International,Mature,Strong_Player,Mid,Tier_2,Standard,Asset_Light,Stable
US057,Finance,B2C,Global,Mature,Market_Leader,Large,Tier_1,High_Margin,Moderate,Strong
US058,Healthcare,B2C,International,Mature,Market_Leader,Mid,Tier_2,High_Margin,Asset_Light,Strong
US059,Healthcare,B2C,Global,Mature,Strong_Player,Large,Tier_1,High_Margin,Capital_Intensive,Strong
US060,Finance,B2C,Global,Mature,Market_Leader,Large,Tier_1,Standard,Asset_Light,Strong
US061,Consumer_Discretionary,B2C,Global,Mature,Market_Leader,Mid,Tier_2,Standard,Moderate,Stable
US062,Healthcare,B2B,Domestic,Mature,Strong_Player,Mid,Tier_2,High_Margin,Moderate,Developing
US063,Healthcare,B2B,Global,Mature,Strong_Player,Mid,Tier_2,High_Margin,Asset_Light,Strong
US064,Finance,B2C,Global,Growth,Strong_Player,Large,Tier_1,Standard,Moderate,Strong
US065,Finance,B2C,Global,Mature,Strong_Player,Large,Tier_1,Standard,Asset_Light,Strong
US066,Technology,Platform,Global,Mature,Strong_Player,Mid,Tier_2,High_Margin,Asset_Light,Strong
US067,Finance,B2C,International,Growth,Strong_Player,Large,Tier_1,Low_Margin,Moderate,Strong
US068,Industrials,B2B,Global,Growth,Strong_Player,Large,Tier_1,Standard,Capital_Intensive,Strong
US069,Consumer_Discretionary,B2C,Global,Mature,Market_Leader,Large,Tier_1,Low_Margin,Asset_Light,Strong
US070,Healthcare,B2C,International,Growth,Strong_Player,Large,Tier_1,Standard,Moderate,Strong
US071,Healthcare,B2B,Global,Growth,Strong_Player,Large,Tier_1,High_Margin,Moderate,Strong
US072,Technology,B2B,Global,Mature,Strong_Player,Large,Tier_1,Standard,Asset_Light,Strong
US073,Technology,B2B,Domestic,Mature,Market_Leader,Mid,Tier_2,High_Margin,Moderate,Strong
US074,Finance,B2C,Global,Growth,Market_Leader,Mid,Tier_2,Standard,Moderate,Strong
US075,Consumer_Staples,B2C,Domestic,Mature,Strong_Player,Mid,Tier_2,Low_Margin,Capital_Intensive,Stable
US076,Industrials,B2B,International,Cyclical,Strong_Player,Mid,Tier_2,Standard,Moderate,Strong
US077,Consumer_Staples,B2C,Domestic,Cyclical,Market_Leader,Mid,Tier_2,Standard,Capital_Intensive,Stable
US078,Real_Estate,B2B,International,Cyclical,Strong_Player,Mid,Tier_2,Standard,Asset_Light,Developing
US079,Industrials,B2B,Global,Cyclical,Market_Leader,Mid,Tier_2,Low_Margin,Capital_Intensive,Strong
US080,Technology,Platform,Global,Mature,Strong_Player,Large,Tier_1,High_Margin,Asset_Light,Stable
US081,Consumer_Discretionary,B2C,Domestic,Growth,Strong_Player,Mid,Tier_2,High_Margin,Asset_Light,Developing
US082,Real_Estate,B2B,Global,Mature,Strong_Player,Mid,Tier_2,Low_Margin,Moderate,Stable
US083,Consumer_Staples,B2C,Domestic,Mature,Strong_Player,Mid,Tier_2,Standard,Moderate,Stable
US084,Finance,B2C,Global,Mature,Market_Leader,Large,Tier_1,High_Margin,Moderate,Strong
US085,Healthcare,B2C,International,Growth,Strong_Player,Mid,Tier_2,High_Margin,Moderate,Strong
US086,Consumer_Discretionary,B2C,International,Growth,Strong_Player,Mid,Tier_2,High_Margin,Moderate,Developing
US087,Consumer_Discretionary,B2C,Global,Mature,Strong_Player,Mid,Tier_2,High_Margin,Moderate,Strong
US088,Industrials,B2B,Global,Mature,Strong_Player,Large,Tier_1,Low_Margin,Capital_Intensive,Stable
US089,Industrials,B2B,Global,Growth,Market_Leader,Large,Tier_1,High_Margin,Capital_Intensive,Strong
US090,Finance,B2C,Global,Cyclical,Strong_Player,Mid,Tier_2,Standard,Capital_Intensive,Strong
US091,Real_Estate,B2B,Global,Mature,Market_Leader,Mid,Tier_2,Standard,Asset_Light,Stable
US092,Technology,B2B,Domestic,Growth,Strong_Player,Mid,Tier_2,High_Margin,Asset_Light,Strong
US093,Healthcare,B2C,International,Mature,Strong_Player,Large,Tier_1,High_Margin,Moderate,Strong
US094,Healthcare,B2C,Global,Growth,Market_Leader,Mid,Tier_2,Standard,Moderate,Stable
US095,Utilities,B2B,Global,Mature,Market_Leader,Mid,Tier_2,Standard,Moderate,Stable
US096,Materials,B2B,Global,Cyclical,Market_Leader,Mid,Tier_2,Standard,Moderate,Stable
US097,Healthcare,B2C,Domestic,Growth,Strong_Player,Mid,Tier_2,Standard,Moderate,Stable
US098,Finance,B2C,Global,Cyclical,Market_Leader,Large,Tier_1,Standard,Moderate,Strong
US099,Communication,B2B,International,Cyclical,Strong_Player,Mid,Tier_2,Low_Margin,Capital_Intensive,Stable
US100,Energy,B2B,Global,Cyclical,Strong_Player,Large,Tier_1,Low_Margin,Moderate,Strong
US101,Consumer_Discretionary,B2C,International,Mature,Market_Leader,Large,Tier_1,High_Margin,Asset_Light,Stable
US102,Finance,B2C,International,Cyclical,Market_Leader,Large,Tier_1,Standard,Moderate,Stable
US103,Consumer_Staples,B2C,Global,Mature,Strong_Player,Mid,Tier_2,Standard,Capital_Intensive,Stable
US104,Healthcare,B2C,International,Mature,Market_Leader,Large,Tier_1,Standard,Capital_Intensive,Strong
US105,Finance,B2C,International,Mature,Market_Leader,Mid,Tier_2,Standard,Moderate,Stable
US106,Industrials,B2B,International,Mature,Strong_Player,Large,Tier_1,High_Margin,Capital_Intensive,Stable
US107,Technology,B2B,Global,Mature,Market_Leader,Large,Tier_1,High_Margin,Asset_Light,Strong
US108,Finance,B2C,Global,Growth,Strong_Player,Large,Tier_1,Low_Margin,Capital_Intensive,Stable
US109,Finance,B2C,Global,Mature,Strong_Player,Mid,Tier_2,Standard,Moderate,Stable
US110,Consumer_Staples,B2C,Global,Growth,Strong_Player,Mid,Tier_2,Standard,Asset_Light,Stable
US111,Finance,B2C,International,Mature,Strong_Player,Large,Tier_1,Low_Margin,Moderate,Strong
US112,Utilities,B2B,Global,Mature,Strong_Player,Mid,Tier_2,Low_Margin,Capital_Intensive,Stable
US113,Consumer_Staples,B2C,Global,Growth,Market_Leader,Large,Tier_1,High_Margin,Moderate,Strong
US114,Technology,B2B,Global,Mature,Strong_Player,Mid,Tier_2,High_Margin,Moderate,Stable
US115,Finance,B2C,International,Cyclical,Market_Leader,Large,Tier_1,High_Margin,Asset_Light,Stable
US116,Consumer_Staples,B2C,International,Mature,Strong_Player,Large,Tier_1,Low_Margin,Asset_Light,Stable
US117,Communication,B2B,International,Growth,Market_Leader,Large,Tier_1,Low_Margin,Moderate,Strong
US118,Consumer_Staples,B2C,International,Cyclical,Strong_Player,Mid,Tier_2,Standard,Moderate,Developing
US119,Energy,B2C,Global,Cyclical,Market_Leader,Large,Tier_1,Low_Margin,Capital_Intensive,Developing
US120,Utilities,B2B,International,Cyclical,Strong_Player,Mid,Tier_2,Low_Margin,Capital_Intensive,Strong
US121,Consumer_Staples,B2C,International,Mature,Strong_Player,Mid,Tier_2,Standard,Moderate,Strong
US122,Utilities,B2B,Global,Cyclical,Market_Leader,Large,Tier_1,Low_Margin,Capital_Intensive,Strong
US123,Healthcare,B2C,International,Mature,Strong_Player,Mid,Tier_2,Standard,Asset_Light,Stable
US124,Industrials,B2B,Global,Cyclical,Strong_Player,Mid,Tier_2,Standard,Capital_Intensive,Stable
US125,Technology,B2B,Global,Growth,Strong_Player,Large,Tier_1,Standard,Moderate,Strong
US126,Technology,Platform,Domestic,Mature,Strong_Player,Mid,Tier_2,High_Margin,Moderate,Developing
US127,Materials,B2C,Global,Mature,Strong_Player,Mid,Tier_2,Standard,Capital_Intensive,Strong
US128,Real_Estate,B2C,Domestic,Growth,Strong_Player,Mid,Tier_2,Standard,Moderate,Stable
US129,Consumer_Staples,B2C,International,Cyclical,Strong_Player,Large,Tier_1,Low_Margin,Capital_Intensive,Stable
US130,Energy,B2C,International,Cyclical,Strong_Player,Mid,Tier_2,Standard,Capital_Intensive,Stable
US131,Technology,Platform,Global,Mature,Strong_Player,Large,Tier_1,High_Margin,Moderate,Stable
US132,Real_Estate,B2B,International,Mature,Strong_Player,Mid,Tier_2,Standard,Asset_Light,Stable
US133,Industrials,B2B,International,Growth,Strong_Player,Large,Tier_1,Standard,Capital_Intensive,Strong
US134,Industrials,B2B,Domestic,Mature,Market_Leader,Large,Tier_1,Standard,Moderate,Strong
US135,Healthcare,B2C,Domestic,Mature,Strong_Player,Large,Tier_1,High_Margin,Moderate,Developing
US136,Healthcare,B2C,Global,Mature,Strong_Player,Large,Tier_1,High_Margin,Capital_Intensive,Stable
US137,Consumer_Discretionary,B2C,Domestic,Mature,Strong_Player,Mid,Tier_2,Standard,Moderate,Stable
US138,Technology,Platform,Domestic,Mature,Strong_Player,Mid,Tier_2,High_Margin,Moderate,Strong
US139,Healthcare,B2C,International,Mature,Strong_Player,Mid,Tier_2,High_Margin,Moderate,Developing
US140,Technology,Platform,International,Mature,Strong_Player,Mid,Tier_2,High_Margin,Asset_Light,Stable
US141,Consumer_Discretionary,B2C,International,Mature,Strong_Player,Mid,Tier_2,Standard,Asset_Light,Stable
US142,Industrials,B2B,International,Mature,Market_Leader,Large,Tier_1,Standard,Capital_Intensive,Strong
US143,Technology,B2B,Global,Mature,Strong_Player,Large,Tier_1,Standard,Asset_Light,Strong
US144,Industrials,B2B,Global,Mature,Strong_Player,Mid,Tier_2,Standard,Capital_Intensive,Stable
US145,Energy,B2B,Global,Mature,Strong_Player,Mid,Tier_2,Standard,Capital_Intensive,Developing
US146,Healthcare,B2C,Global,Growth,Market_Leader,Mid,Tier_2,High_Margin,Moderate,Stable
US147,Energy,B2B,Global,Mature,Strong_Player,Mid,Tier_2,Low_Margin,Moderate,Strong
US148,Real_Estate,B2C,Global,Cyclical,Strong_Player,Large,Tier_1,Low_Margin,Moderate,Strong
US149,Consumer_Staples,B2C,International,Cyclical,Strong_Player,Mid,Tier_2,High_Margin,Moderate,Strong
US150,Consumer_Staples,B2C,Global,Mature,Market_Leader,Mid,Tier_2,Low_Margin,Moderate,Stable
US151,Utilities,B2B,Global,Mature,Market_Leader,Large,Tier_1,Standard,Capital_Intensive,Stable
US152,Consumer_Discretionary,B2C,Global,Mature,Strong_Player,Mid,Tier_2,Low_Margin,Asset_Light,Stable
US153,Consumer_Discretionary,Platform,Global,Growth,Strong_Player,Large,Tier_1,High_Margin,Moderate,Strong
US154,Industrials,B2B,Global,Growth,Strong_Player,Mid,Tier_2,High_Margin,Capital_Intensive,Strong
US155,Materials,B2B,Domestic,Growth,Strong_Player,Mid,Tier_2,Standard,Capital_Intensive,Developing
US156,Consumer_Discretionary,B2C,Global,Cyclical,Market_Leader,Mid,Tier_2,Low_Margin,Capital_Intensive,Stable
US157,Utilities,B2C,Domestic,Cyclical,Strong_Player,Mid,Tier_2,Low_Margin,Capital_Intensive,Strong
US158,Utilities,B2B,Global,Mature,Strong_Player,Large,Tier_1,Standard,Capital_Intensive,Strong
US159,Materials,B2B,International,Mature,Strong_Player,Mid,Tier_2,Standard,Capital_Intensive,Stable
US160,Materials,B2B,Domestic,Mature,Market_Leader,Mid,Tier_2,Standard,Asset_Light,Developing
US161,Industrials,B2B,Global,Growth,Market_Leader,Large,Tier_1,Standard,Moderate,Strong
US162,Consumer_Discretionary,Platform,International,Growth,Strong_Player,Mid,Tier_2,Standard,Moderate,Strong
US163,Materials,B2C,Global,Growth,Strong_Player,Large,Tier_1,Low_Margin,Asset_Light,Stable
US164,Utilities,B2C,Global,Mature,Strong_Player,Mid,Tier_2,Low_Margin,Capital_Intensive,Strong
US165,Healthcare,B2C,International,Mature,Strong_Player,Mid,Tier_2,High_Margin,Capital_Intensive,Strong
US166,Communication,B2B,International,Mature,Strong_Player,Mid,Tier_2,Standard,Asset_Light,Strong
US167,Healthcare,B2C,Global,Mature,Market_Leader,Large,Tier_1,High_Margin,Asset_Light,Strong
US168,Industrials,B2B,International,Growth,Strong_Player,Large,Tier_1,Standard,Capital_Intensive,Stable
US169,Technology,B2B,International,Growth,Market_Leader,Mid,Tier_2,High_Margin,Asset_Light,Stable
US170,Utilities,B2C,Global,Mature,Market_Leader,Mid,Tier_2,Standard,Moderate,Strong
US171,Energy,B2C,Global,Mature,Strong_Player,Large,Tier_1,Low_Margin,Capital_Intensive,Stable
US172,Technology,B2B,International,Growth,Strong_Player,Mid,Tier_2,High_Margin,Asset_Light,Developing
US173,Energy,B2B,Domestic,Mature,Strong_Player,Mid,Tier_2,Low_Margin,Capital_Intensive,Strong
US174,Industrials,B2B,Global,Growth,Strong_Player,Mid,Tier_2,Low_Margin,Capital_Intensive,Strong
US175,Real_Estate,B2C,Global,Mature,Strong_Player,Large,Tier_1,Low_Margin,Moderate,Stable
US176,Real_Estate,B2C,Global,Mature,Strong_Player,Mid,Tier_2,Standard,Moderate,Developing
US177,Finance,B2C,International,Mature,Strong_Player,Mid,Tier_2,Low_Margin,Moderate,Strong
US178,Real_Estate,B2B,International,Mature,Strong_Player,Mid,Tier_2,Standard,Moderate,Strong
US179,Consumer_Staples,B2C,International,Mature,Market_Leader,Mid,Tier_2,Standard,Moderate,Stable
US180,Finance,B2C,Global,Cyclical,Strong_Player,Mid,Tier_2,Low_Margin,Moderate,Stable
US181,Utilities,B2C,International,Cyclical,Market_Leader,Mid,Tier_2,Low_Margin,Capital_Intensive,Strong
US182,Utilities,B2B,Global,Cyclical,Market_Leader,Mid,Tier_2,Low_Margin,Moderate,Stable
US183,Utilities,B2B,International,Mature,Strong_Player,Mid,Tier_2,Low_Margin,Moderate,Stable
US184,Energy,B2B,International,Cyclical,Strong_Player,Mid,Tier_2,Standard,Capital_Intensive,Stable
US185,Consumer_Discretionary,B2C,International,Mature,Strong_Player,Mid,Tier_2,Low_Margin,Moderate,Stable
US186,Industrials,B2B,Global,Mature,Strong_Player,Mid,Tier_2,High_Margin,Capital_Intensive,Strong
US187,Real_Estate,B2C,International,Mature,Market_Leader,Mid,Tier_2,Standard,Capital_Intensive,Strong
US188,Energy,B2B,International,Mature,Strong_Player,Large,Tier_1,Low_Margin,Moderate,Developing
US189,Technology,Platform,International,Growth,Market_Leader,Mid,Tier_2,Standard,Asset_Light,Strong
US190,Finance,B2C,International,Mature,Strong_Player,Mid,Tier_2,High_Margin,Moderate,Stable
US191,Technology,Platform,Domestic,Mature,Strong_Player,Mid,Tier_2,Standard,Asset_Light,Strong
US192,Industrials,B2B,International,Mature,Strong_Player,Large,Tier_1,Standard,Capital_Intensive,Strong
US193,Real_Estate,B2B,International,Cyclical,Market_Leader,Mid,Tier_2,High_Margin,Moderate,Developing
US194,Industrials,B2B,Global,Growth,Strong_Player,Large,Tier_1,Standard,Moderate,Developing
US195,Technology,B2B,International,Growth,Strong_Player,Mid,Tier_2,High_Margin,Asset_Light,Strong
US196,Finance,B2C,Domestic,Growth,Strong_Player,Mid,Tier_2,Standard,Moderate,Strong
US197,Technology,B2B,Domestic,Mature,Strong_Player,Mid,Tier_2,High_Margin,Asset_Light,Stable
US198,Utilities,B2B,Global,Cyclical,Market_Leader,Mid,Tier_2,Standard,Capital_Intensive,Stable
US199,Technology,B2B,Global,Mature,Market_Leader,Large,Tier_1,High_Margin,Asset_Light,Stable
US200,Consumer_Discretionary,B2C,Global,Growth,Strong_Player,Mid,Tier_2,Low_Margin,Moderate,Stable
US201,Technology,Platform,Global,Mature,Strong_Player,Large,Tier_1,High_Margin,Asset_Light,Strong
US202,Technology,B2B,Global,Growth,Strong_Player,Mid,Tier_2,Standard,Moderate,Developing
US203,Communication,B2C,International,Mature,Strong_Player,Mid,Tier_2,Standard,Moderate,Stable
US204,Communication,B2C,Global,Mature,Niche_Specialist,Mid,Tier_2,High_Margin,Moderate,Developing
US205,Finance,B2C,International,Mature,Strong_Player,Mid,Tier_2,Standard,Asset_Light,Stable
US206,Materials,B2B,Global,Growth,Niche_Specialist,Large,Tier_1,Standard,Moderate,Strong
US207,Technology,B2B,International,Mature,Strong_Player,Mid,Tier_2,High_Margin,Asset_Light,Stable
US208,Technology,B2B,Global,Mature,Niche_Specialist,Mid,Tier_2,Standard,Moderate,Strong
US209,Industrials,B2B,Global,Growth,Niche_Specialist,Large,Tier_1,Standard,Capital_Intensive,Strong
US210,Healthcare,B2C,Global,Mature,Strong_Player,Mid,Tier_2,High_Margin,Moderate,Strong
US211,Technology,Platform,Global,Mature,Strong_Player,Mid,Tier_2,Standard,Asset_Light,Strong
US212,Industrials,B2B,Global,Mature,Strong_Player,Mid,Tier_2,Standard,Capital_Intensive,Strong
US213,Industrials,B2B,Global,Cyclical,Niche_Specialist,Large,Tier_1,High_Margin,Capital_Intensive,Developing
US214,Consumer_Staples,B2C,Global,Cyclical,Strong_Player,Mid,Tier_2,Low_Margin,Moderate,Developing
US215,Consumer_Discretionary,B2C,International,Mature,Niche_Specialist,Large,Tier_1,Standard,Moderate,Stable
US216,Consumer_Discretionary,B2C,International,Cyclical,Strong_Player,Mid,Tier_2,Standard,Moderate,Strong
US217,Healthcare,B2B,Global,Growth,Strong_Player,Large,Tier_1,Standard,Moderate,Stable
US218,Industrials,B2B,Domestic,Mature,Niche_Specialist,Mid,Tier_2,Standard,Moderate,Strong
US219,Finance,B2C,Domestic,Growth,Strong_Player,Mid,Tier_2,Standard,Moderate,Stable
US220,Technology,Platform,Global,Mature,Strong_Player,Mid,Tier_2,High_Margin,Asset_Light,Stable
US221,Finance,B2C,Global,Mature,Strong_Player,Large,Tier_1,High_Margin,Moderate,Stable
US222,Energy,B2B,International,Mature,Strong_Player,Mid,Tier_2,Low_Margin,Capital_Intensive,Stable
US223,Finance,B2C,Global,Mature,Niche_Specialist,Mid,Tier_2,High_Margin,Moderate,Developing
US224,Consumer_Discretionary,B2C,Global,Mature,Niche_Specialist,Mid,Tier_2,Standard,Moderate,Stable
US225,Healthcare,B2C,Domestic,Growth,Strong_Player,Large,Tier_1,High_Margin,Asset_Light,Stable
US226,Real_Estate,B2B,Domestic,Mature,Strong_Player,Mid,Tier_2,Standard,Moderate,Stable
US227,Healthcare,B2C,International,Mature,Strong_Player,Mid,Tier_2,High_Margin,Asset_Light,Developing
US228,Consumer_Staples,B2C,Global,Mature,Niche_Specialist,Mid,Tier_2,Standard,Capital_Intensive,Strong
US229,Technology,B2B,Global,Mature,Strong_Player,Mid,Tier_2,High_Margin,Asset_Light,Strong
US230,Consumer_Discretionary,B2C,Domestic,Mature,Niche_Specialist,Large,Tier_1,Standard,Capital_Intensive,Stable
US231,Healthcare,B2C,Global,Mature,Niche_Specialist,Mid,Tier_2,High_Margin,Capital_Intensive,Stable
US232,Consumer_Discretionary,B2C,Global,Growth,Strong_Player,Large,Tier_1,High_Margin,Moderate,Strong
US233,Industrials,B2B,Global,Mature,Strong_Player,Large,Tier_1,High_Margin,Moderate,Strong
US234,Consumer_Staples,B2C,International,Cyclical,Strong_Player,Mid,Tier_2,Standard,Moderate,Strong
US235,Real_Estate,B2C,Domestic,Mature,Niche_Specialist,Mid,Tier_2,Low_Margin,Asset_Light,Stable
US236,Industrials,B2B,Global,Growth,Niche_Specialist,Large,Tier_1,High_Margin,Capital_Intensive,Strong
US237,Technology,B2B,Global,Mature,Niche_Specialist,Mid,Tier_2,High_Margin,Asset_Light,Strong
US238,Industrials,B2B,Global,Mature,Strong_Player,Mid,Tier_2,Standard,Capital_Intensive,Strong
US239,Healthcare,B2C,Global,Mature,Niche_Specialist,Mid,Tier_2,High_Margin,Moderate,Developing
US240,Finance,B2C,Global,Cyclical,Niche_Specialist,Mid,Tier_2,High_Margin,Capital_Intensive,Developing
US241,Industrials,B2B,International,Growth,Strong_Player,Mid,Tier_2,Standard,Capital_Intensive,Stable
US242,Technology,B2B,International,Growth,Strong_Player,Large,Tier_1,High_Margin,Asset_Light,Strong
US243,Industrials,B2B,Domestic,Cyclical,Strong_Player,Mid,Tier_2,Standard,Capital_Intensive,Stable
US244,Healthcare,B2C,International,Mature,Niche_Specialist,Large,Tier_1,Standard,Moderate,Stable
US245,Industrials,B2B,Global,Mature,Strong_Player,Large,Tier_1,Standard,Moderate,Stable
US246,Healthcare,B2B,International,Mature,Strong_Player,Mid,Tier_2,Standard,Moderate,Strong
US247,Industrials,B2B,International,Growth,Strong_Player,Mid,Tier_2,Standard,Capital_Intensive,Stable
US248,Healthcare,B2C,Domestic,Mature,Niche_Specialist,Mid,Tier_2,High_Margin,Moderate,Stable
US249,Technology,B2B,International,Mature,Strong_Player,Large,Tier_1,High_Margin,Asset_Light,Strong
US250,Finance,B2C,International,Growth,Niche_Specialist,Large,Tier_1,Low_Margin,Moderate,Strong
US251,Materials,B2C,Domestic,Mature,Strong_Player,Mid,Tier_2,Standard,Moderate,Strong
US252,Consumer_Discretionary,B2C,International,Growth,Strong_Player,Mid,Tier_2,Standard,Moderate,Strong
US253,Communication,B2B,Domestic,Growth,Strong_Player,Mid,Tier_2,Low_Margin,Moderate,Developing
US254,Technology,Platform,Global,Mature,Strong_Player,Large,Tier_1,Standard,Moderate,Stable
US255,Healthcare,B2C,Global,Mature,Strong_Player,Large,Tier_1,High_Margin,Moderate,Strong
US256,Finance,B2C,Domestic,Growth,Niche_Specialist,Mid,Tier_2,Standard,Moderate,Stable
US257,Real_Estate,B2C,Global,Growth,Strong_Player,Mid,Tier_2,Standard,Moderate,Strong
US258,Healthcare,B2C,Global,Growth,Strong_Player,Mid,Tier_2,High_Margin,Moderate,Strong
US259,Real_Estate,B2B,Global,Cyclical,Niche_Specialist,Mid,Tier_2,Low_Margin,Moderate,Strong
US260,Industrials,B2B,Global,Growth,Strong_Player,Mid,Tier_2,Standard,Moderate,Stable
US261,Technology,B2B,Global,Mature,Strong_Player,Mid,Tier_2,High_Margin,Moderate,Strong
US262,Technology,B2B,Global,Growth,Niche_Specialist,Mid,Tier_2,Standard,Asset_Light,Stable
US263,Industrials,B2B,Global,Mature,Niche_Specialist,Mid,Tier_2,Standard,Moderate,Strong
US264,Healthcare,B2B,Global,Mature,Niche_Specialist,Large,Tier_1,High_Margin,Moderate,Stable
US265,Industrials,B2B,Global,Mature,Strong_Player,Large,Tier_1,Standard,Moderate,Stable
US266,Finance,B2C,Global,Mature,Strong_Player,Large,Tier_1,Standard,Moderate,Strong
US267,Consumer_Staples,B2C,Global,Mature,Strong_Player,Mid,Tier_2,Standard,Moderate,Strong
US268,Consumer_Staples,B2C,Domestic,Cyclical,Niche_Specialist,Mid,Tier_2,High_Margin,Moderate,Stable
US269,Finance,B2C,International,Growth,Niche_Specialist,Mid,Tier_2,Low_Margin,Moderate,Stable
US270,Technology,B2B,Global,Mature,Strong_Player,Mid,Tier_2,Standard,Asset_Light,Stable
US271,Consumer_Staples,B2C,Global,Mature,Strong_Player,Mid,Tier_2,Standard,Moderate,Strong
US272,Real_Estate,B2B,Global,Cyclical,Strong_Player,Mid,Tier_2,Standard,Capital_Intensive,Stable
US273,Energy,B2C,Domestic,Mature,Strong_Player,Large,Tier_1,Standard,Capital_Intensive,Strong
US274,Finance,B2C,Global,Growth,Strong_Player,Large,Tier_1,Low_Margin,Moderate,Stable
US275,Technology,B2B,Global,Growth,Niche_Specialist,Large,Tier_1,High_Margin,Moderate,Strong
US276,Consumer_Staples,B2C,Domestic,Growth,Strong_Player,Mid,Tier_2,Low_Margin,Capital_Intensive,Stable
US277,Consumer_Staples,B2C,International,Cyclical,Niche_Specialist,Mid,Tier_2,Low_Margin,Capital_Intensive,Stable
US278,Industrials,B2B,International,Mature,Strong_Player,Large,Tier_1,Standard,Moderate,Developing
US279,Healthcare,B2C,Global,Growth,Strong_Player,Mid,Tier_2,Standard,Moderate,Stable
US280,Technology,B2B,Global,Mature,Strong_Player,Large,Tier_1,Standard,Moderate,Strong
US281,Consumer_Staples,B2C,Domestic,Growth,Niche_Specialist,Mid,Tier_2,Standard,Moderate,Stable
US282,Consumer_Discretionary,B2C,International,Mature,Niche_Specialist,Mid,Tier_2,Standard,Moderate,Strong
US283,Technology,B2B,International,Growth,Strong_Player,Mid,Tier_2,Standard,Moderate,Stable
US284,Consumer_Discretionary,B2C,Global,Growth,Niche_Specialist,Mid,Tier_2,Low_Margin,Moderate,Stable
US285,Industrials,B2B,Domestic,Cyclical,Strong_Player,Mid,Tier_2,Standard,Capital_Intensive,Strong
US286,Healthcare,B2B,International,Mature,Niche_Specialist,Large,Tier_1,High_Margin,Asset_Light,Stable
US287,Materials,B2B,Global,Growth,Niche_Specialist,Large,Tier_1,Standard,Capital_Intensive,Strong
US288,Communication,B2B,Global,Mature,Niche_Specialist,Mid,Tier_2,High_Margin,Capital_Intensive,Stable
US289,Consumer_Discretionary,B2C,Domestic,Mature,Strong_Player,Mid,Tier_2,Standard,Moderate,Stable
US290,Industrials,B2B,International,Mature,Strong_Player,Large,Tier_1,Standard,Capital_Intensive,Strong
US291,Finance,B2C,Global,Growth,Strong_Player,Mid,Tier_2,Standard,Asset_Light,Developing
US292,Consumer_Discretionary,B2C,Global,Growth,Strong_Player,Large,Tier_1,Low_Margin,Moderate,Stable
US293,Consumer_Discretionary,B2C,International,Mature,Niche_Specialist,Mid,Tier_2,High_Margin,Moderate,Stable
US294,Materials,B2B,International,Mature,Niche_Specialist,Mid,Tier_2,High_Margin,Moderate,Strong
US295,Finance,B2C,International,Growth,Strong_Player,Mid,Tier_2,Standard,Asset_Light,Strong
US296,Energy,B2B,International,Cyclical,Niche_Specialist,Mid,Tier_2,Standard,Capital_Intensive,Strong
US297,Finance,B2C,International,Mature,Strong_Player,Mid,Tier_2,Standard,Moderate,Developing
US298,Consumer_Discretionary,B2C,Global,Cyclical,Strong_Player,Large,Tier_1,Standard,Moderate,Stable
US299,Finance,B2C,Global,Cyclical,Strong_Player,Large,Tier_1,Low_Margin,Capital_Intensive,Stable
US300,Materials,B2C,Global,Cyclical,Strong_Player,Mid,Tier_2,Low_Margin,Moderate,Strong
US301,Industrials,B2B,Global,Mature,Strong_Player,Mid,Tier_2,High_Margin,Capital_Intensive,Stable
US302,Finance,B2C,Global,Growth,Strong_Player,Large,Tier_1,Standard,Capital_Intensive,Strong
US303,Communication,Platform,International,Cyclical,Niche_Specialist,Mid,Tier_2,Standard,Moderate,Developing
US304,Consumer_Staples,B2C,International,Mature,Niche_Specialist,Mid,Tier_2,Standard,Capital_Intensive,Stable
US305,Consumer_Discretionary,B2C,International,Mature,Niche_Specialist,Large,Tier_1,Low_Margin,Capital_Intensive,Stable
US306,Healthcare,B2C,International,Mature,Niche_Specialist,Large,Tier_1,Standard,Moderate,Stable
US307,Healthcare,B2C,Global,Mature,Niche_Specialist,Large,Tier_1,High_Margin,Moderate,Stable
US308,Healthcare,B2B,Global,Growth,Niche_Specialist,Large,Tier_1,Standard,Asset_Light,Strong
US309,Communication,Platform,International,Mature,Strong_Player,Large,Tier_1,High_Margin,Moderate,Developing
US310,Finance,B2C,International,Mature,Strong_Player,Large,Tier_1,Standard,Capital_Intensive,Strong
US311,Healthcare,B2C,International,Growth,Niche_Specialist,Mid,Tier_2,High_Margin,Moderate,Stable
US312,Consumer_Discretionary,B2C,Domestic,Growth,Strong_Player,Mid,Tier_2,Low_Margin,Moderate,Developing
US313,Technology,B2B,Domestic,Growth,Strong_Player,Mid,Tier_2,Standard,Moderate,Developing
US314,Technology,B2B,Global,Mature,Strong_Player,Large,Tier_1,Standard,Moderate,Strong
US315,Technology,Platform,Global,Growth,Strong_Player,Large,Tier_1,Standard,Asset_Light,Strong
US316,Real_Estate,B2B,Domestic,Mature,Strong_Player,Mid,Tier_2,High_Margin,Asset_Light,Stable
US317,Healthcare,B2B,International,Growth,Strong_Player,Mid,Tier_2,High_Margin,Moderate,Developing
US318,Consumer_Discretionary,B2C,Domestic,Cyclical,Strong_Player,Mid,Tier_2,Standard,Moderate,Stable
US319,Healthcare,B2C,Domestic,Mature,Strong_Player,Mid,Tier_2,High_Margin,Moderate,Developing
US320,Consumer_Staples,B2C,Domestic,Cyclical,Strong_Player,Mid,Tier_2,Standard,Moderate,Developing
US321,Consumer_Staples,B2C,Global,Mature,Niche_Specialist,Large,Tier_1,Standard,Capital_Intensive,Strong
US322,Technology,B2B,Global,Mature,Strong_Player,Mid,Tier_2,High_Margin,Moderate,Strong
US323,Consumer_Staples,B2C,International,Growth,Niche_Specialist,Large,Tier_1,Low_Margin,Asset_Light,Stable
US324,Finance,B2C,International,Growth,Strong_Player,Large,Tier_1,High_Margin,Moderate,Stable
US325,Finance,B2C,Global,Growth,Strong_Player,Large,Tier_1,Standard,Moderate,Stable
US326,Materials,B2B,Domestic,Mature,Strong_Player,Mid,Tier_2,Standard,Moderate,Stable
US327,Technology,B2B,Global,Growth,Niche_Specialist,Large,Tier_1,Standard,Asset_Light,Stable
US328,Finance,B2C,Global,Mature,Strong_Player,Mid,Tier_2,Low_Margin,Moderate,Stable
US329,Finance,B2C,International,Cyclical,Niche_Specialist,Large,Tier_1,Standard,Moderate,Stable
US330,Technology,Platform,Global,Growth,Strong_Player,Mid,Tier_2,High_Margin,Moderate,Strong
US331,Communication,B2C,Global,Mature,Strong_Player,Large,Tier_1,High_Margin,Moderate,Strong
US332,Materials,B2C,Global,Mature,Strong_Player,Large,Tier_1,High_Margin,Moderate,Developing
US333,Communication,B2C,Global,Mature,Strong_Player,Mid,Tier_2,Low_Margin,Moderate,Strong
US334,Communication,B2B,Global,Cyclical,Strong_Player,Mid,Tier_2,Standard,Moderate,Stable
US335,Utilities,B2C,Global,Mature,Niche_Specialist,Large,Tier_1,Standard,Capital_Intensive,Strong
US336,Consumer_Discretionary,B2C,International,Mature,Niche_Specialist,Large,Tier_1,Standard,Moderate,Strong
US337,Utilities,B2B,Global,Mature,Strong_Player,Mid,Tier_2,Low_Margin,Moderate,Strong
US338,Industrials,B2B,Global,Growth,Niche_Specialist,Mid,Tier_2,Low_Margin,Capital_Intensive,Strong
US339,Industrials,B2B,International,Mature,Strong_Player,Large,Tier_1,Standard,Capital_Intensive,Strong
US340,Finance,B2C,International,Cyclical,Strong_Player,Mid,Tier_2,Low_Margin,Moderate,Stable
US341,Industrials,B2B,Global,Cyclical,Niche_Specialist,Large,Tier_1,High_Margin,Moderate,Stable
US342,Consumer_Discretionary,B2C,International,Growth,Niche_Specialist,Mid,Tier_2,Low_Margin,Moderate,Developing
US343,Utilities,B2B,Global,Mature,Strong_Player,Mid,Tier_2,Low_Margin,Capital_Intensive,Developing
US344,Materials,B2B,Global,Growth,Strong_Player,Mid,Tier_2,Low_Margin,Moderate,Stable
US345,Technology,B2B,Global,Mature,Strong_Player,Large,Tier_1,High_Margin,Asset_Light,Stable
US346,Consumer_Discretionary,B2C,International,Mature,Strong_Player,Mid,Tier_2,High_Margin,Moderate,Strong
US347,Technology,B2B,Domestic,Mature,Strong_Player,Large,Tier_1,Standard,Asset_Light,Strong
US348,Consumer_Discretionary,B2C,International,Growth,Niche_Specialist,Large,Tier_1,Low_Margin,Asset_Light,Stable
US349,Energy,B2B,International,Cyclical,Strong_Player,Mid,Tier_2,Low_Margin,Capital_Intensive,Stable
US350,Industrials,B2B,Domestic,Cyclical,Strong_Player,Mid,Tier_2,High_Margin,Capital_Intensive,Stable
US351,Communication,B2B,International,Growth,Niche_Specialist,Mid,Tier_2,Standard,Moderate,Strong
US352,Technology,B2B,International,Growth,Niche_Specialist,Mid,Tier_2,Standard,Asset_Light,Stable
US353,Energy,B2B,Global,Cyclical,Strong_Player,Mid,Tier_2,Low_Margin,Moderate,Strong
US354,Technology,Platform,Global,Mature,Niche_Specialist,Large,Tier_1,High_Margin,Moderate,Stable
US355,Industrials,B2B,Global,Cyclical,Strong_Player,Mid,Tier_2,Standard,Capital_Intensive,Stable
US356,Industrials,B2B,Domestic,Mature,Strong_Player,Large,Tier_1,Standard,Capital_Intensive,Strong
US357,Consumer_Discretionary,B2C,International,Mature,Strong_Player,Mid,Tier_2,High_Margin,Moderate,Developing
US358,Technology,Platform,Global,Growth,Strong_Player,Large,Tier_1,High_Margin,Asset_Light,Strong
US359,Technology,Platform,Global,Mature,Strong_Player,Large,Tier_1,High_Margin,Moderate,Strong
US360,Communication,B2B,International,Mature,Niche_Specialist,Mid,Tier_2,Standard,Moderate,Stable
US361,Industrials,B2B,Global,Mature,Strong_Player,Large,Tier_1,Standard,Capital_Intensive,Stable
US362,Technology,Platform,Global,Mature,Strong_Player,Mid,Tier_2,Standard,Asset_Light,Stable
US363,Technology,Platform,Global,Mature,Strong_Player,Mid,Tier_2,High_Margin,Asset_Light,Strong
US364,Finance,B2C,Global,Cyclical,Niche_Specialist,Large,Tier_1,Standard,Asset_Light,Stable
US365,Industrials,B2B,Global,Mature,Niche_Specialist,Mid,Tier_2,Low_Margin,Capital_Intensive,Stable
US366,Consumer_Staples,B2C,Global,Growth,Strong_Player,Large,Tier_1,Low_Margin,Asset_Light,Stable
US367,Healthcare,B2B,Global,Growth,Strong_Player,Large,Tier_1,High_Margin,Moderate,Stable
US368,Utilities,B2B,Global,Mature,Strong_Player,Mid,Tier_2,Low_Margin,Moderate,Stable
US369,Consumer_Staples,B2C,International,Mature,Strong_Player,Large,Tier_1,High_Margin,Asset_Light,Stable
US370,Energy,B2B,International,Cyclical,Niche_Specialist,Mid,Tier_2,Low_Margin,Capital_Intensive,Stable
US371,Utilities,B2B,Global,Mature,Strong_Player,Mid,Tier_2,Low_Margin,Moderate,Strong
US372,Finance,B2C,Domestic,Growth,Strong_Player,Large,Tier_1,Standard,Moderate,Strong
US373,Industrials,B2B,Global,Mature,Niche_Specialist,Mid,Tier_2,High_Margin,Capital_Intensive,Strong
US374,Materials,B2C,Global,Cyclical,Strong_Player,Mid,Tier_2,Standard,Moderate,Strong
US375,Utilities,B2B,Global,Mature,Strong_Player,Mid,Tier_2,Standard,Moderate,Strong
US376,Finance,B2C,Domestic,Mature,Strong_Player,Mid,Tier_2,High_Margin,Capital_Intensive,Stable
US377,Consumer_Staples,B2C,Global,Mature,Niche_Specialist,Large,Tier_1,Standard,Capital_Intensive,Strong
US378,Finance,B2C,International,Growth,Strong_Player,Large,Tier_1,Standard,Moderate,Developing
US379,Real_Estate,B2C,Global,Cyclical,Strong_Player,Large,Tier_1,Standard,Moderate,Strong
US380,Finance,B2C,Global,Growth,Strong_Player,Mid,Tier_2,Standard,Moderate,Stable
US381,Utilities,B2B,Global,Mature,Strong_Player,Mid,Tier_2,Low_Margin,Moderate,Strong
US382,Technology,Platform,Global,Growth,Niche_Specialist,Mid,Tier_2,High_Margin,Moderate,Stable
US383,Real_Estate,B2B,International,Cyclical,Strong_Player,Mid,Tier_2,High_Margin,Moderate,Stable
US384,Consumer_Discretionary,B2C,International,Mature,Niche_Specialist,Mid,Tier_2,Low_Margin,Asset_Light,Strong
US385,Industrials,B2B,International,Mature,Niche_Specialist,Large,Tier_1,Standard,Capital_Intensive,Stable
US386,Technology,B2B,Global,Growth,Strong_Player,Large,Tier_1,High_Margin,Asset_Light,Strong
US387,Healthcare,B2C,Global,Mature,Niche_Specialist,Mid,Tier_2,Standard,Asset_Light,Strong
US388,Consumer_Discretionary,B2C,Global,Cyclical,Strong_Player,Mid,Tier_2,Low_Margin,Asset_Light,Stable
US389,Finance,B2C,Domestic,Growth,Strong_Player,Mid,Tier_2,Standard,Moderate,Developing
US390,Industrials,B2B,Global,Mature,Strong_Player,Large,Tier_1,Standard,Capital_Intensive,Strong
US391,Real_Estate,B2C,Global,Cyclical,Strong_Player,Large,Tier_1,Standard,Moderate,Strong
US392,Real_Estate,B2B,Domestic,Mature,Niche_Specialist,Mid,Tier_2,Standard,Capital_Intensive,Strong
US393,Healthcare,B2B,Domestic,Growth,Niche_Specialist,Large,Tier_1,Standard,Moderate,Strong
US394,Finance,B2C,International,Mature,Niche_Specialist,Mid,Tier_2,Standard,Moderate,Stable
US395,Industrials,B2B,Global,Mature,Strong_Player,Large,Tier_1,Standard,Capital_Intensive,Stable
US396,Healthcare,B2C,Global,Mature,Niche_Specialist,Mid,Tier_2,High_Margin,Moderate,Developing
US397,Healthcare,B2C,Domestic,Mature,Niche_Specialist,Mid,Tier_2,High_Margin,Moderate,Developing
US398,Industrials,B2B,International,Mature,Strong_Player,Mid,Tier_2,High_Margin,Moderate,Stable
US399,Consumer_Discretionary,B2C,Global,Growth,Strong_Player,Mid,Tier_2,Standard,Moderate,Stable
US400,Technology,Platform,Global,Mature,Strong_Player,Large,Tier_1,High_Margin,Asset_Light,Strong
US401,Consumer_Discretionary,B2C,Global,Mature,Niche_Specialist,Mid,Tier_2,Low_Margin,Moderate,Strong
US402,Consumer_Discretionary,B2C,Global,Cyclical,Strong_Player,Large,Tier_1,Standard,Capital_Intensive,Stable
US403,Finance,B2C,Global,Mature,Niche_Specialist,Large,Tier_1,Low_Margin,Moderate,Stable
US404,Technology,Platform,International,Mature,Strong_Player,Large,Tier_1,High_Margin,Asset_Light,Stable
US405,Real_Estate,B2B,International,Mature,Strong_Player,Mid,Tier_2,Standard,Asset_Light,Stable
US406,Energy,B2B,Domestic,Mature,Strong_Player,Mid,Tier_2,Standard,Moderate,Stable
US407,Technology,B2B,Domestic,Mature,Niche_Specialist,Mid,Tier_2,High_Margin,Asset_Light,Strong
US408,Utilities,B2B,International,Mature,Niche_Specialist,Large,Tier_1,Standard,Capital_Intensive,Strong
US409,Technology,Platform,Global,Mature,Niche_Specialist,Large,Tier_1,Standard,Asset_Light,Stable
US410,Materials,B2B,Global,Cyclical,Niche_Specialist,Large,Tier_1,Low_Margin,Moderate,Stable
US411,Real_Estate,B2B,Domestic,Mature,Strong_Player,Large,Tier_1,Standard,Asset_Light,Strong
US412,Technology,B2B,Global,Mature,Strong_Player,Mid,Tier_2,High_Margin,Asset_Light,Strong
US413,Consumer_Staples,B2C,Domestic,Mature,Strong_Player,Mid,Tier_2,Low_Margin,Moderate,Strong
US414,Consumer_Discretionary,B2C,Global,Mature,Strong_Player,Mid,Tier_2,Low_Margin,Moderate,Strong
US415,Industrials,B2B,International,Mature,Niche_Specialist,Mid,Tier_2,Low_Margin,Capital_Intensive,Stable
US416,Utilities,B2B,Global,Mature,Strong_Player,Large,Tier_1,Low_Margin,Capital_Intensive,Strong
US417,Industrials,B2B,International,Growth,Strong_Player,Mid,Tier_2,Standard,Moderate,Stable
US418,Industrials,B2B,Global,Mature,Niche_Specialist,Mid,Tier_2,Low_Margin,Capital_Intensive,Strong
US419,Consumer_Discretionary,B2C,International,Growth,Niche_Specialist,Large,Tier_1,Standard,Capital_Intensive,Strong
US420,Finance,B2C,Global,Mature,Niche_Specialist,Mid,Tier_2,Standard,Asset_Light,Strong
US421,Materials,B2B,Global,Cyclical,Niche_Specialist,Mid,Tier_2,Standard,Asset_Light,Stable
US422,Healthcare,B2C,Domestic,Mature,Niche_Specialist,Mid,Tier_2,High_Margin,Capital_Intensive,Stable
US423,Healthcare,B2C,Global,Mature,Strong_Player,Large,Tier_1,Standard,Capital_Intensive,Strong
US424,Technology,B2B,Global,Mature,Strong_Player,Mid,Tier_2,High_Margin,Moderate,Stable
US425,Finance,B2C,Global,Mature,Strong_Player,Mid,Tier_2,Low_Margin,Capital_Intensive,Strong
US426,Technology,Platform,Global,Growth,Niche_Specialist,Large,Tier_1,High_Margin,Asset_Light,Stable
US427,Consumer_Staples,B2C,Global,Growth,Niche_Specialist,Mid,Tier_2,Standard,Asset_Light,Stable
US428,Communication,B2C,Global,Mature,Niche_Specialist,Large,Tier_1,Standard,Moderate,Strong
US429,Finance,B2C,Domestic,Mature,Niche_Specialist,Mid,Tier_2,High_Margin,Moderate,Strong
US430,Communication,B2C,Global,Growth,Niche_Specialist,Mid,Tier_2,High_Margin,Asset_Light,Strong
US431,Consumer_Discretionary,B2C,Domestic,Mature,Niche_Specialist,Mid,Tier_2,Low_Margin,Capital_Intensive,Strong
US432,Energy,B2B,International,Mature,Strong_Player,Mid,Tier_2,Low_Margin,Capital_Intensive,Stable
US433,Consumer_Staples,B2C,Domestic,Growth,Strong_Player,Mid,Tier_2,High_Margin,Moderate,Stable
US434,Technology,B2B,Global,Mature,Strong_Player,Large,Tier_1,High_Margin,Asset_Light,Strong
US435,Technology,B2B,International,Mature,Strong_Player,Mid,Tier_2,High_Margin,Moderate,Developing
US436,Technology,B2B,Global,Growth,Strong_Player,Mid,Tier_2,High_Margin,Asset_Light,Strong
US437,Consumer_Discretionary,B2C,Global,Mature,Strong_Player,Large,Tier_1,Standard,Moderate,Strong
US438,Technology,B2B,Global,Mature,Strong_Player,Large,Tier_1,Standard,Moderate,Strong
US439,Energy,B2B,International,Mature,Niche_Specialist,Mid,Tier_2,Low_Margin,Capital_Intensive,Stable
US440,Industrials,B2B,Global,Mature,Strong_Player,Mid,Tier_2,High_Margin,Moderate,Stable
US441,Healthcare,B2C,Global,Growth,Niche_Specialist,Large,Tier_1,Standard,Moderate,Strong
US442,Consumer_Discretionary,B2C,Global,Cyclical,Strong_Player,Large,Tier_1,Standard,Moderate,Strong
US443,Communication,B2C,International,Growth,Strong_Player,Mid,Tier_2,Standard,Asset_Light,Strong
US444,Communication,B2C,International,Growth,Strong_Player,Mid,Tier_2,High_Margin,Moderate,Strong
US445,Consumer_Discretionary,B2C,Global,Mature,Niche_Specialist,Mid,Tier_2,High_Margin,Moderate,Stable
US446,Industrials,B2B,International,Cyclical,Strong_Player,Large,Tier_1,Low_Margin,Capital_Intensive,Stable
US447,Industrials,B2B,International,Mature,Strong_Player,Large,Tier_1,Standard,Capital_Intensive,Stable
US448,Finance,B2C,Global,Cyclical,Strong_Player,Large,Tier_1,High_Margin,Moderate,Stable
US449,Technology,B2B,International,Mature,Niche_Specialist,Mid,Tier_2,High_Margin,Asset_Light,Stable
US450,Finance,B2C,Domestic,Mature,Niche_Specialist,Large,Tier_1,High_Margin,Asset_Light,Strong
US451,Technology,Platform,Global,Growth,Strong_Player,Mid,Tier_2,High_Margin,Asset_Light,Strong
US452,Consumer_Staples,B2C,Global,Mature,Strong_Player,Mid,Tier_2,Standard,Moderate,Stable
US453,Finance,B2C,International,Mature,Niche_Specialist,Large,Tier_1,High_Margin,Capital_Intensive,Strong
US454,Technology,Platform,International,Growth,Strong_Player,Large,Tier_1,High_Margin,Moderate,Stable
US455,Real_Estate,B2B,International,Mature,Niche_Specialist,Mid,Tier_2,Standard,Asset_Light,Strong
US456,Consumer_Discretionary,B2C,International,Growth,Strong_Player,Mid,Tier_2,Standard,Moderate,Strong
US457,Industrials,B2B,Global,Growth,Niche_Specialist,Large,Tier_1,Low_Margin,Capital_Intensive,Stable
US458,Industrials,B2B,International,Mature,Niche_Specialist,Mid,Tier_2,Standard,Capital_Intensive,Stable
US459,Industrials,B2B,Global,Mature,Strong_Player,Large,Tier_1,Low_Margin,Moderate,Stable
US460,Industrials,B2B,International,Cyclical,Strong_Player,Large,Tier_1,Standard,Moderate,Stable
US461,Healthcare,B2C,International,Growth,Strong_Player,Large,Tier_1,High_Margin,Moderate,Strong
US462,Healthcare,B2C,International,Growth,Niche_Specialist,Mid,Tier_2,High_Margin,Moderate,Strong
US463,Energy,B2B,Global,Mature,Niche_Specialist,Mid,Tier_2,Low_Margin,Capital_Intensive,Developing
US464,Real_Estate,B2B,Global,Mature,Niche_Specialist,Mid,Tier_2,High_Margin,Moderate,Developing
US465,Technology,Platform,Global,Growth,Strong_Player,Mid,Tier_2,Standard,Asset_Light,Developing
US466,Industrials,B2B,International,Growth,Niche_Specialist,Mid,Tier_2,Standard,Capital_Intensive,Stable
US467,Communication,B2B,Global,Growth,Strong_Player,Large,Tier_1,Low_Margin,Moderate,Developing
US468,Healthcare,B2B,Global,Growth,Strong_Player,Large,Tier_1,High_Margin,Moderate,Stable
US469,Healthcare,B2B,Domestic,Mature,Strong_Player,Mid,Tier_2,Standard,Moderate,Strong
US470,Real_Estate,B2C,International,Growth,Strong_Player,Mid,Tier_2,Standard,Moderate,Stable
US471,Finance,B2C,International,Growth,Strong_Player,Large,Tier_1,Standard,Moderate,Strong
US472,Utilities,B2C,Domestic,Cyclical,Niche_Specialist,Large,Tier_1,Low_Margin,Capital_Intensive,Stable
US473,Materials,B2B,Global,Mature,Strong_Player,Mid,Tier_2,Standard,Asset_Light,Strong
US474,Finance,B2C,Global,Mature,Strong_Player,Mid,Tier_2,High_Margin,Moderate,Stable
US475,Industrials,B2B,Global,Mature,Niche_Specialist,Mid,Tier_2,Standard,Capital_Intensive,Strong
US476,Industrials,B2B,International,Growth,Strong_Player,Mid,Tier_2,Standard,Capital_Intensive,Strong
US477,Healthcare,B2C,Global,Mature,Niche_Specialist,Mid,Tier_2,Standard,Moderate,Stable
US478,Consumer_Staples,B2C,International,Cyclical,Strong_Player,Large,Tier_1,Low_Margin,Capital_Intensive,Strong
US479,Communication,B2C,Global,Cyclical,Strong_Player,Large,Tier_1,Standard,Asset_Light,Developing
US480,Communication,B2B,Global,Mature,Strong_Player,Mid,Tier_2,Low_Margin,Asset_Light,Strong
US481,Industrials,B2B,Global,Growth,Niche_Specialist,Large,Tier_1,High_Margin,Capital_Intensive,Stable
US482,Healthcare,B2C,International,Growth,Strong_Player,Mid,Tier_2,Standard,Asset_Light,Stable
US483,Utilities,B2B,Global,Mature,Strong_Player,Mid,Tier_2,Low_Margin,Capital_Intensive,Strong
US484,Finance,B2C,International,Cyclical,Strong_Player,Large,Tier_1,Standard,Moderate,Strong
US485,Real_Estate,B2B,Global,Cyclical,Strong_Player,Large,Tier_1,High_Margin,Moderate,Strong
US486,Healthcare,B2C,Domestic,Growth,Strong_Player,Mid,Tier_2,High_Margin,Moderate,Strong
US487,Technology,B2B,International,Growth,Strong_Player,Mid,Tier_2,High_Margin,Moderate,Developing
US488,Real_Estate,B2B,Global,Growth,Strong_Player,Mid,Tier_2,Standard,Asset_Light,Developing
US489,Consumer_Discretionary,B2C,Global,Mature,Niche_Specialist,Mid,Tier_2,Low_Margin,Capital_Intensive,Strong
US490,Energy,B2B,Global,Cyclical,Strong_Player,Large,Tier_1,Low_Margin,Capital_Intensive,Strong
US491,Finance,B2C,Global,Cyclical,Niche_Specialist,Mid,Tier_2,Standard,Moderate,Developing
US492,Technology,Platform,Global,Growth,Strong_Player,Large,Tier_1,High_Margin,Asset_Light,Developing
US493,Consumer_Discretionary,B2C,International,Mature,Niche_Specialist,Mid,Tier_2,High_Margin,Moderate,Stable
US494,Utilities,B2C,Global,Mature,Niche_Specialist,Mid,Tier_2,Low_Margin,Capital_Intensive,Strong
US495,Industrials,B2B,Global,Mature,Strong_Player,Mid,Tier_2,Low_Margin,Capital_Intensive,Strong
US496,Consumer_Discretionary,B2C,International,Mature,Strong_Player,Mid,Tier_2,Low_Margin,Asset_Light,Stable
US497,Communication,B2B,International,Mature,Strong_Player,Mid,Tier_2,Standard,Asset_Light,Strong
US498,Technology,Platform,Global,Mature,Strong_Player,Large,Tier_1,High_Margin,Moderate,Strong
US499,Technology,Platform,International,Mature,Niche_Specialist,Mid,Tier_2,Standard,Asset_Light,Strong
US500,Technology,Platform,Domestic,Mature,Strong_Player,Mid,Tier_2,High_Margin,Moderate,Strong
US501,Technology,Platform,International,Mature,Strong_Player,Mid,Tier_2,Standard,Asset_Light,Stable
US502,Technology,Platform,International,Mature,Niche_Specialist,Mid,Tier_2,Standard,Moderate,Strong
US503,Technology,Platform,Global,Mature,Niche_Specialist,Large,Tier_1,Standard,Moderate,Strong
US504,Communication,B2B,Global,Growth,Strong_Player,Large,Tier_1,Low_Margin,Moderate,Strong
US505,Technology,Platform,Global,Mature,Strong_Player,Mid,Tier_2,Standard,Moderate,Strong
US506,Technology,Platform,International,Growth,Strong_Player,Large,Tier_1,Standard,Moderate,Strong
US507,Technology,Platform,Domestic,Growth,Strong_Player,Small,Tier_3,High_Margin,Asset_Light,Stable
US508,Technology,Platform,Domestic,Growth,Strong_Player,Mid,Tier_2,High_Margin,Moderate,Stable
US509,Technology,Platform,Global,Growth,Niche_Specialist,Mid,Tier_2,High_Margin,Moderate,Developing
US510,Technology,Platform,International,Mature,Strong_Player,Mid,Tier_2,High_Margin,Moderate,Strong
US511,Healthcare,B2C,Global,Mature,Strong_Player,Mid,Tier_2,High_Margin,Moderate,Stable
US512,Healthcare,B2C,Domestic,Growth,Strong_Player,Mid,Tier_2,High_Margin,Moderate,Stable
US513,Consumer_Discretionary,Platform,Global,Mature,Strong_Player,Large,Tier_1,Low_Margin,Moderate,Stable
US514,Communication,B2B,Global,Mature,Niche_Specialist,Large,Tier_1,Standard,Asset_Light,Stable
US515,Technology,Platform,Global,Growth,Niche_Specialist,Mid,Tier_2,High_Margin,Moderate,Developing
US516,Consumer_Discretionary,B2C,Domestic,Mature,Niche_Specialist,Mid,Tier_2,Standard,Capital_Intensive,Stable
US517,Finance,B2C,Global,Mature,Strong_Player,Mid,Tier_2,High_Margin,Moderate,Stable
US518,Technology,Platform,International,Growth,Strong_Player,Mid,Tier_2,High_Margin,Asset_Light,Stable
US519,Healthcare,B2C,Domestic,Mature,Strong_Player,Mid,Tier_2,Standard,Moderate,Developing
US520,Technology,B2B,International,Growth,Niche_Specialist,Mid,Tier_2,Standard,Asset_Light,Strong
US521,Finance,B2C,International,Cyclical,Niche_Specialist,Mid,Tier_2,High_Margin,Moderate,Developing
US522,Finance,B2C,Domestic,Growth,Strong_Player,Mid,Tier_2,Low_Margin,Capital_Intensive,Stable
US523,Consumer_Staples,B2C,Domestic,Mature,Strong_Player,Mid,Tier_2,High_Margin,Capital_Intensive,Stable
US524,Healthcare,B2C,Domestic,Growth,Niche_Specialist,Mid,Tier_2,Standard,Moderate,Strong
US525,Technology,B2B,International,Mature,Niche_Specialist,Large,Tier_1,High_Margin,Moderate,Stable
US526,Finance,B2C,Domestic,Growth,Strong_Player,Mid,Tier_2,Low_Margin,Moderate,Stable
US527,Finance,B2C,Global,Growth,Strong_Player,Mid,Tier_2,Low_Margin,Moderate,Stable
US528,Consumer_Discretionary,B2C,International,Growth,Strong_Player,Mid,Tier_2,Standard,Asset_Light,Stable
US529,Consumer_Discretionary,B2C,Domestic,Growth,Niche_Specialist,Mid,Tier_2,High_Margin,Moderate,Stable
US530,Technology,Platform,Domestic,Mature,Niche_Specialist,Mid,Tier_2,High_Margin,Asset_Light,Developing
US531,Finance,B2C,International,Growth,Niche_Specialist,Mid,Tier_2,Low_Margin,Moderate,Stable
US532,Finance,B2C,Global,Mature,Strong_Player,Large,Tier_1,Standard,Moderate,Stable
US533,Communication,Platform,International,Mature,Niche_Specialist,Mid,Tier_2,High_Margin,Asset_Light,Stable
US534,Consumer_Discretionary,Platform,Global,Growth,Strong_Player,Mid,Tier_2,Low_Margin,Moderate,Stable
US535,Consumer_Discretionary,Platform,Global,Mature,Niche_Specialist,Large,Tier_1,Standard,Moderate,Stable
US536,Technology,B2B,Global,Mature,Niche_Specialist,Large,Tier_1,Standard,Asset_Light,Developing
US537,Healthcare,B2B,Global,Growth,Strong_Player,Large,Tier_1,Standard,Moderate,Stable
US538,Healthcare,B2B,International,Growth,Niche_Specialist,Mid,Tier_2,High_Margin,Capital_Intensive,Stable
US539,Healthcare,B2B,Domestic,Mature,Strong_Player,Large,Tier_1,High_Margin,Moderate,Strong
US540,Healthcare,B2B,Domestic,Growth,Strong_Player,Mid,Tier_2,High_Margin,Moderate,Stable
US541,Healthcare,B2C,Domestic,Growth,Strong_Player,Mid,Tier_2,High_Margin,Capital_Intensive,Developing
US542,Healthcare,B2C,Domestic,Mature,Niche_Specialist,Small,Tier_3,Standard,Asset_Light,Stable
US543,Healthcare,B2C,International,Growth,Niche_Specialist,Small,Tier_3,Standard,Asset_Light,Stable
US544,Healthcare,B2B,Domestic,Growth,Strong_Player,Mid,Tier_2,High_Margin,Capital_Intensive,Developing
US545,Healthcare,B2B,Domestic,Growth,Niche_Specialist,Small,Tier_3,Standard,Moderate,Developing
US546,Technology,Platform,Domestic,Mature,Strong_Player,Mid,Tier_2,High_Margin,Asset_Light,Strong
US547,Finance,B2C,Domestic,Cyclical,Strong_Player,Small,Tier_3,Low_Margin,Asset_Light,Developing
US548,Finance,B2C,International,Cyclical,Strong_Player,Mid,Tier_2,Standard,Capital_Intensive,Stable
US549,Healthcare,B2B,Domestic,Growth,Strong_Player,Small,Tier_3,High_Margin,Moderate,Stable
US550,Healthcare,B2B,Domestic,Growth,Strong_Player,Small,Tier_3,High_Margin,Moderate,Stable
US551,Healthcare,B2B,Domestic,Mature,Niche_Specialist,Small,Tier_3,High_Margin,Moderate,Developing
US552,Healthcare,B2B,Domestic,Growth,Niche_Specialist,Small,Tier_3,Standard,Moderate,Stable
US553,Healthcare,B2B,International,Mature,Strong_Player,Mid,Tier_2,High_Margin,Moderate,Stable
US554,Healthcare,B2B,Domestic,Mature,Niche_Specialist,Mid,Tier_2,High_Margin,Capital_Intensive,Developing
US555,Healthcare,B2B,International,Mature,Strong_Player,Mid,Tier_2,High_Margin,Moderate,Developing
US556,Healthcare,B2B,International,Growth,Strong_Player,Mid,Tier_2,Standard,Capital_Intensive,Developing
US557,Healthcare,B2B,Domestic,Growth,Niche_Specialist,Mid,Tier_2,High_Margin,Asset_Light,Developing
US558,Healthcare,B2B,Domestic,Growth,Strong_Player,Small,Tier_3,Standard,Capital_Intensive,Developing
US559,Healthcare,B2B,Domestic,Mature,Strong_Player,Small,Tier_3,High_Margin,Moderate,Developing
US560,Healthcare,B2C,International,Growth,Strong_Player,Small,Tier_3,Standard,Capital_Intensive,Developing
US561,Industrials,B2B,International,Cyclical,Niche_Specialist,Mid,Tier_2,Standard,Capital_Intensive,Stable
US562,Industrials,B2B,International,Growth,Niche_Specialist,Mid,Tier_2,Standard,Moderate,Stable
US563,Industrials,B2B,Domestic,Mature,Strong_Player,Mid,Tier_2,Standard,Capital_Intensive,Developing
US564,Industrials,B2B,Domestic,Cyclical,Strong_Player,Mid,Tier_2,High_Margin,Capital_Intensive,Developing
US565,Industrials,B2B,International,Mature,Niche_Specialist,Mid,Tier_2,Low_Margin,Capital_Intensive,Developing
US566,Industrials,B2B,Domestic,Mature,Strong_Player,Mid,Tier_2,Low_Margin,Capital_Intensive,Stable
US567,Industrials,B2B,Domestic,Mature,Strong_Player,Small,Tier_3,Low_Margin,Capital_Intensive,Developing
US568,Industrials,B2B,International,Mature,Strong_Player,Small,Tier_3,High_Margin,Capital_Intensive,Developing
US569,Industrials,B2B,Domestic,Growth,Strong_Player,Small,Tier_3,High_Margin,Moderate,Developing
US570,Industrials,B2B,Domestic,Mature,Strong_Player,Small,Tier_3,Low_Margin,Capital_Intensive,Developing
US571,Industrials,B2B,Domestic,Growth,Niche_Specialist,Mid,Tier_2,Standard,Capital_Intensive,Stable
US572,Industrials,B2B,International,Cyclical,Niche_Specialist,Mid,Tier_2,Standard,Capital_Intensive,Developing
US573,Industrials,B2B,Domestic,Mature,Strong_Player,Small,Tier_3,Standard,Capital_Intensive,Developing
US574,Industrials,B2B,International,Mature,Strong_Player,Small,Tier_3,Standard,Capital_Intensive,Developing
US575,Industrials,B2B,Domestic,Mature,Strong_Player,Small,Tier_3,High_Margin,Capital_Intensive,Developing
US576,Industrials,B2B,International,Mature,Strong_Player,Mid,Tier_2,Standard,Capital_Intensive,Stable
US577,Energy,B2B,Global,Mature,Niche_Specialist,Mid,Tier_2,Standard,Capital_Intensive,Strong
US578,Energy,B2B,International,Mature,Strong_Player,Mid,Tier_2,Standard,Capital_Intensive,Stable
US579,Energy,B2C,International,Cyclical,Niche_Specialist,Mid,Tier_2,Standard,Moderate,Developing
US580,Energy,B2B,Domestic,Cyclical,Strong_Player,Mid,Tier_2,Low_Margin,Capital_Intensive,Developing
US581,Energy,B2C,Domestic,Mature,Strong_Player,Mid,Tier_2,Standard,Capital_Intensive,Developing
US582,Energy,B2B,Domestic,Cyclical,Strong_Player,Mid,Tier_2,Standard,Moderate,Developing
US583,Energy,B2C,Global,Mature,Strong_Player,Mid,Tier_2,Low_Margin,Capital_Intensive,Strong
US584,Materials,B2B,Domestic,Growth,Niche_Specialist,Mid,Tier_2,Standard,Moderate,Stable
US585,Materials,B2B,Domestic,Mature,Niche_Specialist,Mid,Tier_2,Standard,Asset_Light,Developing
US586,Materials,B2C,Global,Mature,Strong_Player,Mid,Tier_2,Standard,Asset_Light,Strong
US587,Materials,B2B,Domestic,Growth,Niche_Specialist,Mid,Tier_2,Standard,Asset_Light,Strong
US588,Materials,B2B,International,Cyclical,Strong_Player,Mid,Tier_2,Standard,Moderate,Developing
US589,Materials,B2C,Domestic,Growth,Strong_Player,Small,Tier_3,Standard,Asset_Light,Stable
US590,Industrials,B2B,International,Mature,Strong_Player,Mid,Tier_2,Standard,Capital_Intensive,Developing
US591,Consumer_Discretionary,B2C,Domestic,Mature,Niche_Specialist,Mid,Tier_2,Standard,Moderate,Developing
US592,Consumer_Staples,B2C,International,Growth,Strong_Player,Mid,Tier_2,Standard,Moderate,Developing
US593,Consumer_Discretionary,B2C,Domestic,Mature,Strong_Player,Mid,Tier_2,Standard,Moderate,Stable
US594,Consumer_Discretionary,B2C,International,Mature,Niche_Specialist,Mid,Tier_2,High_Margin,Capital_Intensive,Developing
US595,Consumer_Discretionary,B2C,International,Cyclical,Niche_Specialist,Mid,Tier_2,Low_Margin,Moderate,Developing
US596,Consumer_Staples,B2C,Domestic,Mature,Strong_Player,Mid,Tier_2,High_Margin,Moderate,Developing
US597,Consumer_Staples,B2C,Domestic,Mature,Niche_Specialist,Mid,Tier_2,High_Margin,Moderate,Developing
US598,Finance,B2C,Domestic,Cyclical,Strong_Player,Mid,Tier_2,Low_Margin,Capital_Intensive,Strong
US599,Consumer_Discretionary,B2C,Domestic,Growth,Niche_Specialist,Mid,Tier_2,High_Margin,Capital_Intensive,Developing
US600,Consumer_Discretionary,B2C,Domestic,Cyclical,Niche_Specialist,Small,Tier_3,Standard,Moderate,Stable
US601,Consumer_Discretionary,B2C,International,Mature,Niche_Specialist,Mid,Tier_2,Standard,Moderate,Developing
US602,Consumer_Discretionary,B2C,International,Growth,Niche_Specialist,Mid,Tier_2,Standard,Asset_Light,Stable
US603,Consumer_Discretionary,B2C,Domestic,Growth,Strong_Player,Small,Tier_3,Low_Margin,Moderate,Developing
US604,Consumer_Discretionary,B2C,International,Mature,Niche_Specialist,Small,Tier_3,Standard,Moderate,Stable
US605,Consumer_Discretionary,B2C,Domestic,Mature,Strong_Player,Mid,Tier_2,Standard,Capital_Intensive,Developing
US606,Consumer_Discretionary,B2C,Domestic,Growth,Strong_Player,Small,Tier_3,Standard,Moderate,Developing
US607,Consumer_Discretionary,B2C,Global,Cyclical,Strong_Player,Mid,Tier_2,High_Margin,Moderate,Stable
US608,Finance,B2C,Domestic,Cyclical,Strong_Player,Mid,Tier_2,Low_Margin,Moderate,Developing
US609,Finance,B2C,Domestic,Mature,Niche_Specialist,Mid,Tier_2,Standard,Capital_Intensive,Stable
US610,Finance,B2C,International,Growth,Strong_Player,Mid,Tier_2,Standard,Moderate,Stable
US611,Finance,B2C,International,Growth,Niche_Specialist,Mid,Tier_2,Standard,Moderate,Stable
US612,Finance,B2C,Domestic,Growth,Strong_Player,Mid,Tier_2,High_Margin,Asset_Light,Developing
US613,Finance,B2C,Domestic,Mature,Niche_Specialist,Mid,Tier_2,Standard,Moderate,Stable
US614,Finance,B2C,Domestic,Mature,Strong_Player,Mid,Tier_2,Standard,Moderate,Developing
US615,Finance,B2C,Domestic,Cyclical,Strong_Player,Mid,Tier_2,Standard,Moderate,Developing
US616,Finance,B2C,Domestic,Mature,Strong_Player,Mid,Tier_2,Standard,Asset_Light,Stable
